water_year,snowfall_cm,max_depth_cm,snowfall_hs_cm
1879,1130.0,452,678.0
1880,1989.0,945,1044.0
1881,389.0,97,292.0
1882,1250.0,533,717.0
1883,759.0,229,530.0
1884,1222.0,513,709.0
1885,513.0,107,406.0
1886,1173.0,478,695.0
1887,1072.0,427,645.0
1888,876.0,305,571.0
1889,663.0,179,484.0
1890,1971.0,935,1036.0
1891,851.0,279,572.0
1892,965.0,351,614.0
1893,1610.0,742,868.0
1894,1298.0,546,752.0
1895,1740.0,808,932.0
1896,1382.0,597,785.0
1897,1422.0,622,800.0
1898,665.0,198,467.0
1899,1222.0,333,889.0
1900,1031.0,254,777.0
1901,1118.0,437,681.0
1902,947.0,368,579.0
1903,1034.0,318,716.0
1904,1102.0,432,670.0
1905,953.0,224,729.0
1906,1306.0,564,742.0
1907,1529.0,775,754.0
1908,864.0,412,452.0
1909,1123.0,572,551.0
1910,869.0,279,590.0
1911,1430.0,775,655.0
1912,704.0,208,496.0
1913,721.0,368,353.0
1914,1110.0,546,564.0
1915,917.0,483,434.0
1916,1219.0,579,640.0
1917,927.0,406,521.0
1918,737.0,305,432.0
1919,815.0,381,434.0
1920,828.0,267,561.0
1921,1125.0,345,780.0
1922,1306.0,452,854.0
1923,1148.0,427,721.0
1924,495.0,122,373.0
1925,579.0,216,363.0
1926,579.0,198,381.0
1927,912.0,399,513.0
1928,780.0,229,551.0
1929,762.0,229,533.0
1930,638.0,267,371.0
1931,582.0,191,391.0
1932,1273.0,457,816.0
1933,1087.0,406,681.0
1934,627.0,216,411.0
1935,1679.0,478,1201.0
1936,1494.0,521,973.0
1937,1207.0,381,826.0
1938,2080.0,589,1491.0
1939,790.0,305,485.0
1940,947.0,310,637.0
1941,914.0,318,596.0
1942,1359.0,427,932.0
1943,775.0,305,470.0
1944,780.0,343,437.0
1945,1227.0,318,909.0
1946,856.0,325,531.0
1947,654.0,208,446.0
1948,1042.0,279,763.0
1949,1129.0,330,799.0
1950,1428.0,351,1077.0
1951,971.0,203,768.0
1952,2062.0,627,1435.0
1953,686.0,254,432.0
1954,671.0,234,437.0
1955,859.0,236,623.0
1956,1509.0,472,1037.0
1957,676.0,179,497.0
1958,1506.0,533,973.0
1959,790.0,267,523.0
1960,828.0,241,587.0
1961,864.0,229,635.0
1962,1248.0,406,842.0
1963,948.0,254,694.0
1964,961.0,285,676.0
1965,1121.0,292,829.0
1966,861.0,279,582.0
1967,1222.0,427,795.0
1968,896.0,234,662.0
1969,1528.0,615,913.0
1970,782.0,193,589.0
1971,1195.0,304,585.0
1972,944.0,254,690.0
1973,1113.0,335,778.0
1974,1179.0,307,872.0
1975,1253.0,384,869.0
1976,579.0,152,427.0
1977,464.0,86,378.0
1978,1179.0,356,823.0
1979,1078.0,279,799.0
1980,1083.0,335,748.0
1981,662.0,188,474.0
1982,1584.0,432,1152.0
1983,1704.0,495,1209.0
1984,931.0,292,639.0
1985,1046.0,267,779.0
1986,1137.0,305,832.0
1987,597.0,160,437.0
1988,599.0,198,401.0
1989,1153.0,254,899.0
1990,803.0,249,554.0
1991,842.0,249,593.0
1992,604.0,206,398.0
1993,1271.0,432,839.0
1994,632.0,226,406.0
1995,1519.0,488,1031.0
1996,835.0,269,566.0
1997,708.0,320,388.0
1998,1345.0,399,946.0
1999,1182.0,404,778.0
2000,882.0,325,557.0
2001,873.0,239,634.0
2002,969.0,282,687.0
2003,1014.0,244,770.0
2004,954.0,325,629.0
2005,1217.0,310,907.0
2006,1082.0,376,1082.0
2007,698.0,262,436.0
2008,880.0,310,570.0
2009,915.0,313,602.0
2010,1294.0,289,1005.0
2011,1633.0,565,1068.0
2012,830.0,232,598.0
2013,546.0,204,342.0
2014,494.0,133,361.0
2015,331.0,79,252.0
2016,954.0,290,664.0
2017,1456.0,464,
2018,679.0,232,
2019,1253.0,453,
2020,,254,
2021,704.0,230,
2022,1008.0,305,
2023,1914.0,474,
2024,984.0,340,
2025,937.0,289,
